{"cameraMode":{"drawMode":0,"name":"Shaded","section":"Shading Mode"},"sceneLighting":false,"audioPlay":false,"sceneViewState":{"showFog":true,"showMaterialUpdate":true,"showSkybox":false,"showFlares":true,"showImageEffects":true,"showParticleSystems":true},"in2DMode":false,"pivot":{"x":8.5,"y":-0.09757614135742188,"z":-0.047711923718452457},"rotation":{"x":-0.23766422271728517,"y":-0.051843177527189258,"z":0.012703973799943924,"w":-0.9698797464370728},"size":17.882661819458009,"orthographic":false}