{"cameraMode":{"drawMode":0,"name":"Shaded","section":"Shading Mode"},"sceneLighting":false,"audioPlay":false,"sceneViewState":{"showFog":true,"showMaterialUpdate":true,"showSkybox":false,"showFlares":true,"showImageEffects":true,"showParticleSystems":true},"in2DMode":false,"pivot":{"x":-0.694306492805481,"y":-0.18911337852478028,"z":0.06859707832336426},"rotation":{"x":-0.22407309710979463,"y":-0.254660964012146,"z":0.06078612059354782,"w":-0.9387460947036743},"size":2.8363187313079836,"orthographic":false}