{"cameraMode":{"drawMode":0,"name":"Shaded","section":"Shading Mode"},"sceneLighting":true,"audioPlay":false,"sceneViewState":{"showFog":true,"showMaterialUpdate":true,"showSkybox":true,"showFlares":true,"showImageEffects":true,"showParticleSystems":true},"in2DMode":false,"pivot":{"x":-9.245152473449707,"y":0.12727570533752442,"z":-0.42557311058044436},"rotation":{"x":-0.22734366357326508,"y":-0.24743500351905824,"z":0.05984651669859886,"w":-0.9399517178535461},"size":8.033833503723145,"orthographic":false}